SQL> set PAGESIZE 100
SQL> 
SQL> /*********************************
SQL>  Assignment - Lab 2 Solution
SQL> 
SQL>  By: Pasha Bolokhov
SQL>  Lab section: 1B
SQL>  Due:
SQL>  Lab section 1B: due Thursday Jan 22 @ 11:30
SQL> 
SQL>  Time spent working on this lab: 1:30 hours
SQL>  **********************************/
SQL> 
SQL> /*** 1 ***/
SQL> /* Write a query to display the last name and salary for
SQL> 	all employees whose salary falls in the range of $2,500
SQL> 	to $2,600 inclusive. Label the columns Poor Employee and
SQL> 	Monthly Salary respectively.*/
SQL> SELECT last_name AS "Poor Employee", salary AS "Monthly Salary"
  2  	    FROM employees
  3  	    WHERE salary BETWEEN 2500 AND 2600;

Poor Employee             Monthly Salary                                        
------------------------- --------------                                        
Himuro                              2600                                        
Colmenares                          2500                                        
Marlow                              2500                                        
Patel                               2500                                        
Matos                               2600                                        
Vargas                              2500                                        
Sullivan                            2500                                        
Perkins                             2500                                        
OConnell                            2600                                        
Grant                               2600                                        

10 rows selected.

SQL> 
SQL> 
SQL> /*** 2 ***/
SQL> /* Write a query to display the last name and department
SQL> 	number of all employees in departments 60, 70 and 90
SQL> 	in alphabetical order by last name descending. */
SQL> SELECT last_name AS "Last Name", department_id AS "Department No"
  2  	    FROM employees
  3  	    WHERE department_id IN (60, 70, 90)
  4  	    ORDER BY last_name DESC;

Last Name                 Department No                                         
------------------------- -------------                                         
Pataballa                            60                                         
Lorentz                              60                                         
Kochhar                              90                                         
King                                 90                                         
Hunold                               60                                         
Ernst                                60                                         
De Haan                              90                                         
Baer                                 70                                         
Austin                               60                                         

9 rows selected.

SQL> 
SQL> 
SQL> /*** 3 ***/
SQL> /* Write a query to display the last names of all employees
SQL> 	where the third letter of their name is an a. */
SQL> SELECT last_name AS "Last Name"
  2  	    FROM employees
  3  	    WHERE last_name LIKE '__a%';

Last Name                                                                       
-------------------------                                                       
Grant                                                                           
Grant                                                                           
Whalen                                                                          

SQL> 
SQL> 
SQL> /*** 4 ***/
SQL> /* Write a query to display the first name, last name, salary, and
SQL> 	commission for all employees who earn commissions and have a
SQL> 	last name beginning with the letter S. Sort data in
SQL> 	descending order of salary and commissions. */
SQL> SELECT first_name AS "First Name", last_name AS "Last Name",
  2  	    salary AS "Salary", commission_pct AS "Commission"
  3  	    FROM employees
  4  	    WHERE NOT commission_pct IS NULL
  5  	    ORDER BY salary, commission_pct;

First Name           Last Name                     Salary Commission            
-------------------- ------------------------- ---------- ----------            
Sundita              Kumar                           6100         .1            
Amit                 Banda                           6200         .1            
Charles              Johnson                         6200         .1            
Sundar               Ande                            6400         .1            
David                Lee                             6800         .1            
Kimberely            Grant                           7000        .15            
Oliver               Tuvault                         7000        .15            
Sarath               Sewall                          7000        .25            
Mattea               Marvins                         7200         .1            
Elizabeth            Bates                           7300        .15            
William              Smith                           7400        .15            
Nanette              Cambrault                       7500         .2            
Louise               Doran                           7500         .3            
Christopher          Olsen                           8000         .2            
Lindsey              Smith                           8000         .3            
Jack                 Livingston                      8400         .2            
Jonathon             Taylor                          8600         .2            
Alyssa               Hutton                          8800        .25            
Peter                Hall                            9000        .25            
Allan                McEwen                          9000        .35            
Danielle             Greene                          9500        .15            
David                Bernstein                       9500        .25            
Patrick              Sully                           9500        .35            
Tayler               Fox                             9600         .2            
Harrison             Bloom                          10000         .2            
Peter                Tucker                         10000         .3            
Janette              King                           10000        .35            
Eleni                Zlotkey                        10500         .2            
Clara                Vishney                        10500        .25            
Ellen                Abel                           11000         .3            
Gerald               Cambrault                      11000         .3            
Lisa                 Ozer                           11500        .25            
Alberto              Errazuriz                      12000         .3            
Karen                Partners                       13500         .3            
John                 Russell                        14000         .4            

35 rows selected.

SQL> 
SQL> 
SQL> SPOOL OFF
