SQL> 
SQL> /*********************************
SQL>  Assignment - Lab 6 Solution
SQL>  By: Pasha Bolokhov
SQL>  Section: 1B
SQL> 
SQL>  Due:
SQL>  Lab section 1B: due Thursday, Feb 5 11:30 am
SQL> 
SQL>  Time spent completing this lab: 2:00 hours
SQL>  **********************************/
SQL> 
SQL> /*** 1 ***/
SQL> /* Write a query to display the number of people with the same job. Use JOB_ID
SQL> in your query and list the jobs by JOB_ID along with the number of people having
SQL> that job.*/
SQL> SELECT COUNT(*) AS "No. Employees", job_id AS "Job No."
  2  	    FROM employees
  3  	    GROUP BY job_id;

No. Employees Job No.                                                           
------------- ----------                                                        
            1 AC_ACCOUNT                                                        
            1 AC_MGR                                                            
            1 AD_ASST                                                           
            1 AD_PRES                                                           
            2 AD_VP                                                             
            5 FI_ACCOUNT                                                        
            1 FI_MGR                                                            
            1 HR_REP                                                            
            5 IT_PROG                                                           
            1 MK_MAN                                                            
            1 MK_REP                                                            
            1 PR_REP                                                            
            5 PU_CLERK                                                          
            1 PU_MAN                                                            
            5 SA_MAN                                                            
           30 SA_REP                                                            
           20 SH_CLERK                                                          
           20 ST_CLERK                                                          
            5 ST_MAN                                                            

19 rows selected.

SQL> 
SQL> 
SQL> /*** 2 ***/
SQL> /* Display the highest, lowest, sum, and average salary of all employees. Label
SQL> the columns Maximum, Minimum, Sum, and Average, respectively (note the use of
SQL> upper and lower case). Round your results to the nearest whole number. Do not use
SQL> the min_salary or max_salary attributes in the jobs table. */
SQL> SELECT ROUND(MAX(salary)) AS "Maximum", ROUND(MIN(salary)) AS "Minimum",
  2  	    ROUND(SUM(salary)) AS "Sum", ROUND(AVG(salary)) AS "Average"
  3  	    FROM employees;

   Maximum    Minimum        Sum    Average                                     
---------- ---------- ---------- ----------                                     
     24000       2100     691400       6462                                     

SQL> 
SQL> 
SQL> /*** 3 ***/
SQL> /* Modify the above (#2) to display the maximum, minimum, sum, and average
SQL> salary for each job type  (assume each job_id represents a job type). Be
SQL> sure to give the job type in your output.*/
SQL> SELECT job_id AS "Job Type",
  2  	    ROUND(MAX(salary)) AS "Maximum", ROUND(MIN(salary)) AS "Minimum",
  3  	    ROUND(SUM(salary)) AS "Sum", ROUND(AVG(salary)) AS "Average"
  4  	    FROM employees
  5  	    GROUP BY job_id;

Job Type      Maximum    Minimum        Sum    Average                          
---------- ---------- ---------- ---------- ----------                          
IT_PROG          9000       4200      28800       5760                          
AC_MGR          12000      12000      12000      12000                          
AC_ACCOUNT       8300       8300       8300       8300                          
ST_MAN           8200       5800      36400       7280                          
PU_MAN          11000      11000      11000      11000                          
AD_ASST          4400       4400       4400       4400                          
AD_VP           17000      17000      34000      17000                          
SH_CLERK         4200       2500      64300       3215                          
FI_ACCOUNT       9000       6900      39600       7920                          
FI_MGR          12000      12000      12000      12000                          
PU_CLERK         3100       2500      13900       2780                          
SA_MAN          14000      10500      61000      12200                          
MK_MAN          13000      13000      13000      13000                          
PR_REP          10000      10000      10000      10000                          
AD_PRES         24000      24000      24000      24000                          
SA_REP          11500       6100     250500       8350                          
MK_REP           6000       6000       6000       6000                          
ST_CLERK         3600       2100      55700       2785                          
HR_REP           6500       6500       6500       6500                          

19 rows selected.

SQL> 
SQL> 
SQL> /*** 4 ***/
SQL> /* Display the manager number and the salary of the lowest paid employee for
SQL> that manager. Exclude anyone whose manager is not known - in other words,
SQL> exclude anyone who has a NULL manager_id. */
SQL> SELECT manager_id AS "Manager No.", ROUND(MIN(salary)) AS "Lowest Salary"
  2  	    FROM employees
  3  	    GROUP BY manager_id
  4  	    HAVING (manager_id IS NOT NULL);

Manager No. Lowest Salary                                                       
----------- -------------                                                       
        100          5800                                                       
        123          2500                                                       
        120          2200                                                       
        121          2100                                                       
        147          6200                                                       
        108          6900                                                       
        148          6100                                                       
        149          6200                                                       
        205          8300                                                       
        102          9000                                                       
        201          6000                                                       
        101          4400                                                       
        114          2500                                                       
        124          2500                                                       
        145          7000                                                       
        146          7000                                                       
        103          4200                                                       
        122          2200                                                       

18 rows selected.

SQL> 
SQL> 
SQL> /*** 5 ***/
SQL> /* Modify your query from above (#4) to exclude any groups where the minimum
SQL> salary is less than or equal to $6,000. Sort the output in descending order of
SQL> salary. */
SQL> SELECT manager_id AS "Manager No.", ROUND(MIN(salary)) AS "Lowest Salary"
  2  	    FROM employees
  3  	    GROUP BY manager_id
  4  	    HAVING (manager_id IS NOT NULL)
  5  	    AND (ROUND(MIN(salary)) >= 6000)
  6  	    ORDER BY "Lowest Salary" DESC;

Manager No. Lowest Salary                                                       
----------- -------------                                                       
        102          9000                                                       
        205          8300                                                       
        146          7000                                                       
        145          7000                                                       
        108          6900                                                       
        149          6200                                                       
        147          6200                                                       
        148          6100                                                       
        201          6000                                                       

9 rows selected.

SQL> 
SQL> 
SQL> SPOOL OFF
