SQL> set pagesize 20
SQL> set linesize 80
SQL> 
SQL> /*********************************
SQL>  Assignment - Lab 11 Solution
SQL>  By Pasha Bolokhov
SQL>  Lab Section: 1B
SQL>  Time Used Completing Lab: 2:00 hours
SQL>  **********************************/
SQL> 
SQL> /*** 1 Create MY_STUDENT ***/
SQL> CREATE TABLE MY_STUDENT (
  2  	    mystudent_id     NUMBER(5) PRIMARY KEY,
  3  	    mylname	     VARCHAR2(25),
  4  	    mystartdate      DATE DEFAULT SYSDATE
  5  );

Table created.

SQL> 
SQL> 
SQL> /*** 2 Describe ***/
SQL> DESCRIBE MY_STUDENT
 Name                                      Null?    Type
 ----------------------------------------- -------- ----------------------------
 MYSTUDENT_ID                              NOT NULL NUMBER(5)
 MYLNAME                                            VARCHAR2(25)
 MYSTARTDATE                                        DATE

SQL> 
SQL> 
SQL> /*** 3 Modify MY_STUDENT ***/
SQL> ALTER TABLE MY_STUDENT
  2  	   MODIFY mylname VARCHAR2(50);

Table altered.

SQL> 
SQL> 
SQL> /*** 4 Describe ***/
SQL> DESC MY_STUDENT
 Name                                      Null?    Type
 ----------------------------------------- -------- ----------------------------
 MYSTUDENT_ID                              NOT NULL NUMBER(5)
 MYLNAME                                            VARCHAR2(50)
 MYSTARTDATE                                        DATE

SQL> 
SQL> 
SQL> /*** 5 Insert your name ***/
SQL> INSERT INTO MY_STUDENT (mystudent_id, mylname)
  2  	    VALUES (5515, 'Bjoerndalen');

1 row created.

SQL> 
SQL> 
SQL> /*** 6 List contents ***/
SQL> SELECT * FROM MY_STUDENT;

MYSTUDENT_ID MYLNAME                                            MYSTARTDA       
------------ -------------------------------------------------- ---------       
        5515 Bjoerndalen                                        25-FEB-15       

SQL> 
SQL> /*** 7 Add comment ***/
SQL> COMMENT ON TABLE MY_STUDENT
  2  	     IS 'Assignment 11 Table';

Comment created.

SQL> 
SQL> 
SQL> /*** 8 Confirm comment for MY_STUDENT ***/
SQL> SELECT TABLE_NAME, COMMENTS FROM USER_TAB_COMMENTS
  2  	    WHERE TABLE_NAME = 'MY_STUDENT';

TABLE_NAME                                                                      
------------------------------                                                  
COMMENTS                                                                        
--------------------------------------------------------------------------------
MY_STUDENT                                                                      
Assignment 11 Table                                                             
                                                                                

SQL> 
SQL> 
SQL> /*** 9 Create table My_Student ***/
SQL> CREATE TABLE "My_Student" AS
  2  	    SELECT mystudent_id AS "StudentNo",
  3  		   mylname AS "Last Name",
  4  		   mystartdate AS "BeginDate"
  5  		   FROM MY_STUDENT;

Table created.

SQL> 
SQL> 
SQL> /*** 10 Describe ***/
SQL> DESCRIBE "My_Student"
 Name                                      Null?    Type
 ----------------------------------------- -------- ----------------------------
 StudentNo                                          NUMBER(5)
 Last Name                                          VARCHAR2(50)
 BeginDate                                          DATE

SQL> 
SQL> 
SQL> /*** 11 Select from data dictionary ***/
SQL> SELECT table_name FROM user_tables
  2  	    ORDER BY table_name;

TABLE_NAME                                                                      
------------------------------                                                  
COUNTRIES                                                                       
CUSTOMERS                                                                       
DEPARTMENTS                                                                     
EMPLOYEES                                                                       
JOBS                                                                            
JOB_HISTORY                                                                     
LOCATIONS                                                                       
MY_STUDENT                                                                      
My_Student                                                                      
ORDER_STATUS                                                                    
PRODUCTS                                                                        
PRODUCT_CHANGES                                                                 
PRODUCT_TYPES                                                                   
REGIONS                                                                         

14 rows selected.

SQL> 
SQL> 
SQL> /*** 12 Drop MY_STUDENT ***/
SQL> DROP TABLE MY_STUDENT PURGE;

Table dropped.

SQL> 
SQL> 
SQL> /*** 13 Rename ***/
SQL> RENAME "My_Student" TO MY_STUDENT;

Table renamed.

SQL> 
SQL> 
SQL> /*** 14 Select from data dictionary ***/
SQL> SELECT table_name FROM user_tables
  2  	    ORDER BY table_name;

TABLE_NAME                                                                      
------------------------------                                                  
COUNTRIES                                                                       
CUSTOMERS                                                                       
DEPARTMENTS                                                                     
EMPLOYEES                                                                       
JOBS                                                                            
JOB_HISTORY                                                                     
LOCATIONS                                                                       
MY_STUDENT                                                                      
ORDER_STATUS                                                                    
PRODUCTS                                                                        
PRODUCT_CHANGES                                                                 
PRODUCT_TYPES                                                                   
REGIONS                                                                         

13 rows selected.

SQL> 
SQL> 
SQL> /*** 15 Drop MY_STUDENT ***/
SQL> DROP TABLE MY_STUDENT PURGE;

Table dropped.

SQL> 
SQL> 
SQL> /*** 16 Select from data dictionary ***/
SQL> SELECT table_name FROM user_tables
  2  	    ORDER BY table_name;

TABLE_NAME                                                                      
------------------------------                                                  
COUNTRIES                                                                       
CUSTOMERS                                                                       
DEPARTMENTS                                                                     
EMPLOYEES                                                                       
JOBS                                                                            
JOB_HISTORY                                                                     
LOCATIONS                                                                       
ORDER_STATUS                                                                    
PRODUCTS                                                                        
PRODUCT_CHANGES                                                                 
PRODUCT_TYPES                                                                   
REGIONS                                                                         

12 rows selected.

SQL> 
SQL> 
SQL> /*** 17 ***/
SQL> 
SQL> SPOOL OFF
